host,PMPI_Init,PMPI_Scatter,PMPI_Allgather,PMPI_Barrier,PMPI_Finalize
rank-4, 0.000000, 0.000100, 0.000503, 0.000903, 0.001003
rank-3, 0.000000, 0.000200, 0.000603, 0.001003, 0.001003
rank-2, 0.000000, 0.000100, 0.000503, 0.000903, 0.001003
rank-1, 0.000000, 0.000000, 0.000603, 0.000803, 0.001003
