host,PMPI_Init,PMPI_Allreduce,PMPI_Finalize
rank-9, 0.000000, 0.001168, 0.001843
rank-8, 0.000000, 0.001843, 0.001843
rank-7, 0.000000, 0.001614, 0.001843
rank-6, 0.000000, 0.001397, 0.001843
rank-5, 0.000000, 0.001168, 0.001843
rank-4, 0.000000, 0.001356, 0.001843
rank-3, 0.000000, 0.000911, 0.001843
rank-2, 0.000000, 0.000911, 0.001843
rank-1, 0.000000, 0.000653, 0.001843
