host,PMPI_Init,PMPI_Allreduce,PMPI_Finalize
rank-4, 0.000000, 0.001120, 0.001120
rank-3, 0.000000, 0.000891, 0.001120
rank-2, 0.000000, 0.000675, 0.001120
rank-1, 0.000000, 0.000445, 0.001120
