host,PMPI_Init,PMPI_Allreduce,PMPI_Finalize
rank-8, 0.000000, 0.001501, 0.001501
rank-7, 0.000000, 0.001272, 0.001501
rank-6, 0.000000, 0.001272, 0.001501
rank-5, 0.000000, 0.000980, 0.001501
rank-4, 0.000000, 0.001272, 0.001501
rank-3, 0.000000, 0.000980, 0.001501
rank-2, 0.000000, 0.000980, 0.001501
rank-1, 0.000000, 0.000688, 0.001501
