host,PMPI_Init,PMPI_Allreduce,PMPI_Finalize
rank-9, 0.000000, 0.000792, 0.001313
rank-8, 0.000000, 0.001313, 0.001313
rank-7, 0.000000, 0.001084, 0.001313
rank-6, 0.000000, 0.001084, 0.001313
rank-5, 0.000000, 0.000792, 0.001313
rank-4, 0.000000, 0.001084, 0.001313
rank-3, 0.000000, 0.000792, 0.001313
rank-2, 0.000000, 0.000792, 0.001313
rank-1, 0.000000, 0.000465, 0.001313
