host,PMPI_Init,PMPI_Allreduce,PMPI_Finalize
rank-8, 0.000000, 0.002477, 0.002477
rank-7, 0.000000, 0.002247, 0.002477
rank-6, 0.000000, 0.002031, 0.002477
rank-5, 0.000000, 0.001802, 0.002477
rank-4, 0.000000, 0.001586, 0.002477
rank-3, 0.000000, 0.001356, 0.002477
rank-2, 0.000000, 0.001140, 0.002477
rank-1, 0.000000, 0.000911, 0.002477
