host,PMPI_Init,PMPI_Allreduce,PMPI_Finalize
rank-9, 0.000000, 0.001821, 0.002148
rank-8, 0.000000, 0.002148, 0.002148
rank-7, 0.000000, 0.001891, 0.002148
rank-6, 0.000000, 0.001675, 0.002148
rank-5, 0.000000, 0.001445, 0.002148
rank-4, 0.000000, 0.002148, 0.002148
rank-3, 0.000000, 0.001445, 0.002148
rank-2, 0.000000, 0.001160, 0.002148
rank-1, 0.000000, 0.000930, 0.002148
