host,PMPI_Init,PMPI_Allreduce,PMPI_Finalize
rank-9, 0.000000, 0.001529, 0.003450
rank-8, 0.000000, 0.003450, 0.003450
rank-7, 0.000000, 0.002336, 0.003450
rank-6, 0.000000, 0.002336, 0.003450
rank-5, 0.000000, 0.001307, 0.003450
rank-4, 0.000000, 0.001787, 0.003450
rank-3, 0.000000, 0.001119, 0.003450
rank-2, 0.000000, 0.001119, 0.003450
rank-1, 0.000000, 0.000861, 0.003450
