host,PMPI_Init,PMPI_Allreduce,PMPI_Finalize
rank-9, 0.000000, 0.003673, 0.003673
rank-8, 0.000000, 0.003450, 0.003673
rank-7, 0.000000, 0.003192, 0.003673
rank-6, 0.000000, 0.002976, 0.003673
rank-5, 0.000000, 0.002747, 0.003673
rank-4, 0.000000, 0.002531, 0.003673
rank-3, 0.000000, 0.002302, 0.003673
rank-2, 0.000000, 0.002085, 0.003673
rank-1, 0.000000, 0.001856, 0.003673
