host,PMPI_Init,PMPI_Bcast,PMPI_Finalize
rank-9, 0.000000, 0.000605, 0.002217
rank-8, 0.000000, 0.002217, 0.002217
rank-7, 0.000000, 0.001209, 0.002217
rank-6, 0.000000, 0.001209, 0.002217
rank-5, 0.000000, 0.000403, 0.002217
rank-4, 0.000000, 0.000806, 0.002217
rank-3, 0.000000, 0.000202, 0.002217
rank-2, 0.000000, 0.000202, 0.002217
rank-1, 0.000000, 0.000000, 0.002217
