host,PMPI_Init,PMPI_Scatter,PMPI_Gather,PMPI_Finalize
rank-4, 0.000000, 0.000202, 0.000202, 0.000806
rank-3, 0.000000, 0.000403, 0.000403, 0.000806
rank-2, 0.000000, 0.000202, 0.000202, 0.000806
rank-1, 0.000000, 0.000000, 0.000806, 0.000806
