host,PMPI_Init,PMPI_Reduce_scatter,PMPI_Finalize
rank-9, 0.000000, 0.001613, 0.001613
rank-8, 0.000000, 0.001412, 0.001613
rank-7, 0.000000, 0.001210, 0.001613
rank-6, 0.000000, 0.001412, 0.001613
rank-5, 0.000000, 0.001210, 0.001613
rank-4, 0.000000, 0.001009, 0.001613
rank-3, 0.000000, 0.001210, 0.001613
rank-2, 0.000000, 0.001009, 0.001613
rank-1, 0.000000, 0.000807, 0.001613
