host,PMPI_Init,PMPI_Reduce,PMPI_Barrier,PMPI_Finalize
rank-8, 0.000000, 0.000000, 0.001306, 0.001606
rank-7, 0.000000, 0.000000, 0.001406, 0.001606
rank-6, 0.000000, 0.000000, 0.001506, 0.001606
rank-5, 0.000000, 0.000000, 0.001606, 0.001606
rank-4, 0.000000, 0.000000, 0.001506, 0.001606
rank-3, 0.000000, 0.000000, 0.001406, 0.001606
rank-2, 0.000000, 0.000000, 0.001306, 0.001606
rank-1, 0.000000, 0.000806, 0.001206, 0.001606
