host,PMPI_Init,PMPI_Reduce_scatter,PMPI_Finalize
rank-9, 0.000000, 0.000406, 0.000406
rank-8, 0.000000, 0.000406, 0.000406
rank-7, 0.000000, 0.000406, 0.000406
rank-6, 0.000000, 0.000406, 0.000406
rank-5, 0.000000, 0.000406, 0.000406
rank-4, 0.000000, 0.000406, 0.000406
rank-3, 0.000000, 0.000406, 0.000406
rank-2, 0.000000, 0.000406, 0.000406
rank-1, 0.000000, 0.000204, 0.000406
