host,PMPI_Init,PMPI_Reduce_scatter,PMPI_Finalize
rank-8, 0.000000, 0.001210, 0.001210
rank-7, 0.000000, 0.001008, 0.001210
rank-6, 0.000000, 0.001008, 0.001210
rank-5, 0.000000, 0.000807, 0.001210
rank-4, 0.000000, 0.001008, 0.001210
rank-3, 0.000000, 0.000807, 0.001210
rank-2, 0.000000, 0.000807, 0.001210
rank-1, 0.000000, 0.000605, 0.001210
