host,PMPI_Init,PMPI_Reduce_scatter,PMPI_Finalize
rank-9, 0.000000, 0.000809, 0.000809
rank-8, 0.000000, 0.000809, 0.000809
rank-7, 0.000000, 0.000607, 0.000809
rank-6, 0.000000, 0.000809, 0.000809
rank-5, 0.000000, 0.000809, 0.000809
rank-4, 0.000000, 0.000607, 0.000809
rank-3, 0.000000, 0.000607, 0.000809
rank-2, 0.000000, 0.000607, 0.000809
rank-1, 0.000000, 0.000405, 0.000809
