host,PMPI_Init,PMPI_Reduce,PMPI_Barrier,PMPI_Finalize
rank-4, 0.000000, 0.000000, 0.000703, 0.000803
rank-3, 0.000000, 0.000000, 0.000803, 0.000803
rank-2, 0.000000, 0.000000, 0.000703, 0.000803
rank-1, 0.000000, 0.000403, 0.000603, 0.000803
