host,PMPI_Init,PMPI_Reduce,PMPI_Barrier,PMPI_Finalize
rank-9, 0.000000, 0.000000, 0.000402, 0.000402
rank-8, 0.000000, 0.000000, 0.000402, 0.000402
rank-7, 0.000000, 0.000000, 0.000402, 0.000402
rank-6, 0.000000, 0.000000, 0.000402, 0.000402
rank-5, 0.000000, 0.000000, 0.000402, 0.000402
rank-4, 0.000000, 0.000000, 0.000402, 0.000402
rank-3, 0.000000, 0.000000, 0.000402, 0.000402
rank-2, 0.000000, 0.000000, 0.000402, 0.000402
rank-1, 0.000000, 0.000202, 0.000302, 0.000402
