host,PMPI_Init,PMPI_Reduce,PMPI_Barrier,PMPI_Finalize
rank-9, 0.000000, 0.000000, 0.003212, 0.003212
rank-8, 0.000000, 0.000000, 0.003112, 0.003212
rank-7, 0.000000, 0.000000, 0.003012, 0.003212
rank-6, 0.000000, 0.000000, 0.002912, 0.003212
rank-5, 0.000000, 0.000000, 0.002812, 0.003212
rank-4, 0.000000, 0.000000, 0.002712, 0.003212
rank-3, 0.000000, 0.000000, 0.002612, 0.003212
rank-2, 0.000000, 0.000000, 0.002512, 0.003212
rank-1, 0.000000, 0.001612, 0.002412, 0.003212
