host,PMPI_Init,PMPI_Reduce_scatter,PMPI_Finalize
rank-9, 0.000000, 0.003226, 0.003226
rank-8, 0.000000, 0.003025, 0.003226
rank-7, 0.000000, 0.002823, 0.003226
rank-6, 0.000000, 0.002622, 0.003226
rank-5, 0.000000, 0.002420, 0.003226
rank-4, 0.000000, 0.002219, 0.003226
rank-3, 0.000000, 0.002017, 0.003226
rank-2, 0.000000, 0.001816, 0.003226
rank-1, 0.000000, 0.001614, 0.003226
