host,PMPI_Init,PMPI_Reduce_scatter,PMPI_Finalize
rank-9, 0.000000, 0.001211, 0.001211
rank-8, 0.000000, 0.001211, 0.001211
rank-7, 0.000000, 0.001009, 0.001211
rank-6, 0.000000, 0.001009, 0.001211
rank-5, 0.000000, 0.001009, 0.001211
rank-4, 0.000000, 0.001009, 0.001211
rank-3, 0.000000, 0.000808, 0.001211
rank-2, 0.000000, 0.000808, 0.001211
rank-1, 0.000000, 0.000606, 0.001211
