host,PMPI_Init,PMPI_Scatter,PMPI_Finalize
rank-9, 0.000000, 0.000202, 0.000202
rank-8, 0.000000, 0.000202, 0.000202
rank-7, 0.000000, 0.000202, 0.000202
rank-6, 0.000000, 0.000202, 0.000202
rank-5, 0.000000, 0.000202, 0.000202
rank-4, 0.000000, 0.000202, 0.000202
rank-3, 0.000000, 0.000202, 0.000202
rank-2, 0.000000, 0.000202, 0.000202
rank-1, 0.000000, 0.000000, 0.000202
