host,PMPI_Init,PMPI_Scatter,PMPI_Finalize
rank-9, 0.000000, 0.001612, 0.001612
rank-8, 0.000000, 0.001411, 0.001612
rank-7, 0.000000, 0.001209, 0.001612
rank-6, 0.000000, 0.001008, 0.001612
rank-5, 0.000000, 0.000806, 0.001612
rank-4, 0.000000, 0.000605, 0.001612
rank-3, 0.000000, 0.000403, 0.001612
rank-2, 0.000000, 0.000202, 0.001612
rank-1, 0.000000, 0.000000, 0.001612
